{"tanh":{"score":26.278932795330768,"SAT":320,"a":0.12,"b":0},"geo":{"score":40.75427257117339,"a":0.1,"b":0,"c":1},"rT":{"rmse":22.51897780314104,"bias":10.740963635393411,"amax":7.97882803957833},"rG":{"rmse":32.702901946468415,"bias":9.545744223377406,"amax":17.95538335340386}}